Calgary,Calgary International Airport,YYC
Edmonton,Edmonton International Airport,YEG
Gander,Gander International Airport,YQX
Halifax,Halifax Stanfield International Airport,YHZ
Hamilton,John C. Munro Hamilton International Airport,YHM
Iqaluit,Iqaluit Airport,YFB
Kelowna,Kelowna International Airport,YLW
Moncton,Greater Moncton International Airport,YQM
Montreal,Montreal-Mirabel International Airport,YMX
Montreal,Montreal-Pierre Elliott Trudeau International Airport,YUL
Ottawa,Ottawa Macdonald-Cartier International Airport,YOW
Quebec City,Quebec/Jean Lesage International Airport,YQB
Regina,Regina International Airport,YQR
Saskatoon,Saskatoon John G. Diefenbaker International Airport,YXE
St. John's,St. John's International Airport,YYT
Thunder Bay,Thunder Bay International Airport,YQT
Toronto (Toronto island),Billy Bishop Toronto City Airport,YTZ
Toronto (Mississauga),Toronto Pearson International Airport,YYZ
Vancouver,Vancouver International Airport,YVR
Victoria,Victoria International Airport,YYJ
Whitehorse,Erik Nielsen Whitehorse International Airport,YXY
Winnipeg,Winnipeg James Armstrong Richardson International Airport,YWG
Kangerlussuaq,Kangerlussuaq Airport,SFJ
Nuuk,Nuuk Airport,GOH
Ilulissat,Ilulissat Airport,JAV
Narsarsuaq,Narsarsuaq Airport,UAK
Acapulco,General Juan N. Alvarez International Airport,ACA
Aguascalientes,Lic. Jesús Terán Peredo International Airport,AGU
Cancún,Cancun International Airport,CUN
Chihuahua,Roberto Fierro Villalobos International Airport,CUU
Ciudad del Carmen,Ciudad del Carmen International Airport,CME
Cozumel,Cozumel International Airport,CZM
Culiacán,Federal de Bachigualato International Airport,CUL
Durango,General Guadalupe Victoria International Airport,DGO
Guadalajara,Don Miguel Hidalgo y Costilla International Airport,GDL
Hermosillo,Hermosillo International Airport,HMO
Huatulco,Bahías de Huatulco International Airport,HUX
Ixtapa,Ixtapa-Zihuatanejo International Airport,ZIH
León,Del Bajío International Airport,BJX
Loreto,Loreto International Airport,LTO
Los Cabos,Los Cabos International Airport,SJD
Manzanillo,Playa de Oro International Airport,ZLO
Mazatlán,General Rafael Buelna International Airport,MZT
Mérida,Manuel Crescencio Rejón International Airport,MID
Mexico City,Mexico City International Airport,MEX
Monterrey,General Mariano Escobedo International Airport,MTY
Morelia,General Francisco J. Mujica International Airport,MLM
Oaxaca,Xoxocotlán International Airport,OAX
Puebla,Hermanos Serdán International Airport,PBC
Puerto Vallarta,Lic. Gustavo Díaz Ordaz International Airport,PVR
Querétaro,Querétaro Intercontinental Airport,QRO
Saltillo,Plan de Guadalupe International Airport,SLW
San Luis Potosí,Ponciano Arriaga International Airport,SLP
Tampico,General Francisco Javier Mina International Airport,TAM
Tijuana,Gral. Abelardo L. Rodríguez International Airport,TIJ
Toluca,Lic. Adolfo López Mateos International Airport,TLC
Torreón,Francisco Sarabia International Airport,TRC
Tuxtla Gutierrez,Angel Albino Corzo International Airport,TGZ
Uruapan,Uruapan International Airport,UPN
Veracruz,General Heriberto Jara International Airport,VER
Villahermosa,Carlos Rovirosa Pérez International Airport,VSA
Zacatecas,General Leobardo C. Ruiz International Airport,ZCL
Akron,Akron–Canton Airport,CAK
Akron,Akron Fulton International Airport,AKC
Albuquerque,Albuquerque International Sunport,ABQ
Anchorage,Ted Stevens Anchorage International Airport,ANC
Appleton,Appleton International Airport,ATW
Atlanta,Hartsfield-Jackson Atlanta International Airport,ATL
Atlantic City,Atlantic City International Airport,ACY
Austin,Austin-Bergstrom International Airport,AUS
Baltimore,Baltimore-Washington International Thurgood Marshall Airport,BWI
Bangor,Bangor International Airport,BGR
Birmingham,Birmingham-Shuttlesworth International Airport,BHM
Boston,Logan International Airport,BOS
Buffalo,Buffalo Niagara International Airport,BUF
Charlotte,Charlotte/Douglas International Airport,CLT
Charleston (SC),Charleston International Airport,CHS
Chicago,Chicago Midway International Airport,MDW
Chicago,Chicago Rockford International Airport,RFD
Chicago,O'Hare International Airport,ORD
Cincinnati,Cincinnati/Northern Kentucky International Airport,CVG
Cleveland,Cleveland Hopkins International Airport,CLE
Columbus (OH),Port Columbus International Airport,CMH
Columbus (OH),Rickenbacker International Airport,LCK
Dallas,Dallas/Fort Worth International Airport,DFW
Dayton (OH),Dayton International Airport,DAY
Denver,Denver International Airport,DEN
Des Moines (IA),Des Moines International Airport,DSM
Detroit,Detroit Metropolitan Wayne County Airport,DTW
Fairbanks,Fairbanks International Airport,FAI
Fort Lauderdale,Fort Lauderdale-Hollywood International Airport,FLL
Fort Myers,Southwest Florida International Airport,RSW
Fresno,Fresno Yosemite International Airport,FAT
Hartford,Bradley International Airport,BDL
Hilo,Hilo International Airport,ITO
Honolulu,Honolulu International Airport,HNL
Houston,George Bush Intercontinental Airport,IAH
Houston,William P. Hobby Airport,HOU
Huntsville (AL),Huntsville International Airport,HSV
Indianapolis,Indianapolis International Airport,IND
Jacksonville,Jacksonville International Airport,JAX
Juneau,Juneau International Airport,JNU
Kansas City,Kansas City International Airport,MCI
Ketchikan,Ketchikan International Airport,KTN
Key West,Key West International Airport,EYW
Kona,Kona International Airport,KOA
Lansing,Capital Region International Airport,LAN
Las Vegas,McCarran International Airport,LAS
Los Angeles,Los Angeles International Airport,LAX
Louisville,Louisville International Airport,SDF
Melbourne (FL),Melbourne International Airport,MLB
Memphis,Memphis International Airport,MEM
Miami,Miami International Airport,MIA
Milwaukee,General Mitchell International Airport,MKE
Minneapolis/St. Paul,Minneapolis-Saint Paul International Airport,MSP
Myrtle Beach,Myrtle Beach International Airport,MYR
Nashville,Nashville International Airport,BNA
New Orleans,Louis Armstrong New Orleans International Airport,MSY
New York City,John F. Kennedy International Airport,JFK
New York City,LaGuardia Airport,LGA
Newark,Newark Liberty International Airport,EWR
Newburgh,Stewart International Airport,SWF
Oakland,Metropolitan Oakland International Airport,OAK
Omaha,Eppley Airfield,OMA
Ontario,Ontario International Airport,ONT
Orange County,John Wayne Airport,SNA
Orlando,Orlando International Airport,MCO
Orlando/Sanford,Orlando Sanford International Airport,SBF
Palm Springs,Palm Springs International Airport,PSP
Panama City Beach,Northwest Florida Beaches International Airport,ECP
Philadelphia,Philadelphia International Airport,PHL
Phoenix,Phoenix Sky Harbor International Airport,PHX
Pittsburgh,Pittsburgh International Airport,PIT
Portland (ME),Portland International Jetport,PWM
Portland (OR),Portland International Airport,PDX
Providence,T.F. Green Airport,PVD
Raleigh/Durham,Raleigh-Durham International Airport,RDU
Reno,Reno-Tahoe International Airport,RNO
Rochester (NY),Greater Rochester International Airport,ROC
Sacramento,Sacramento International Airport,SMF
Salt Lake City,Salt Lake City International Airport,SLC
San Antonio,San Antonio International Airport,SAT
San Bernardino,"San Bernardino International Airport(Commercial Flights Start November 2, 2017)",SBD
San Diego,San Diego International Airport,SAN
San Francisco,San Francisco International Airport,SFO
San Jose (CA),San Jose International Airport,SJC
San Juan,Luis Munoz Marin International Airport,SJU
Sarasota/Bradenton,Sarasota-Bradenton International Airport,SRQ
Seattle,Kenmore Air Harbor Seaplane Base,LKE
Seattle,King County International Airport,BFI
Seattle,Seattle-Tacoma International Airport,SEA
Snohomish County (WA),Paine Field,PAE
Spokane,Spokane International Airport,GEG
St. Louis,Lambert-Saint Louis International Airport,STL
St. Petersburg (FL),St. Petersburg-Clearwater International Airport,PIE
Syracuse,Syracuse Hancock International Airport,SYR
Tallahassee,Tallahassee International Airport,TLH
Tampa,Tampa International Airport,TPA
"Washington, D.C.",Ronald Reagan Washington National Airport**,DCA
Washington D.C.,Washington Dulles International Airport,IAD
West Palm Beach,Palm Beach International Airport,PBI
Buenos Aires,Ministro Pistarini International Airport,EZE
Buenos Aires,Aeroparque Jorge Newbery,AEP
Córdoba,Ingeniero Ambrosio L.V. Taravella International Airport,COR
Mendoza,Governor Francisco Gabrielli International Airport,MDZ
Puerto Iguazú,Cataratas del Iguazú International Airport,IGR
Resistencia,Resistencia International Airport,RES
Río Gallegos,Piloto Civil N. Fernández International Airport,RGL
San Carlos de Bariloche,Teniente Luis Candelaria International Airport,BRC
Ushuaia,Ushuaia International Airport,USH
La Paz,El Alto International Airport,LPB
Santa Cruz de la Sierra,Viru Viru International Airport,VVI
Aracaju,Santa Maria Airport,AJU
Belém,Val de Cães International Airport,BEL
Belo Horizonte,Tancredo Neves International Airport,CNF
Campinas,Viracopos International Airport,VCP
Campo Grande,Campo Grande International Airport,CGR
Cuiabá,Marechal Rondon International Airport,CGB
Curitiba,Afonso Pena International Airport,CWB
Florianópolis,Hercílio Luz International Airport,FLN
Fortaleza,Pinto Martins International Airport,FOR
Goiânia,Santa Genoveva Airport,GYN
João Pessoa,Presidente Castro Pinto International Airport,JPA
Maceió,Zumbi dos Palmares International Airport,MCZ
Manaus,Eduardo Gomes International Airport,MAO
Petrolina,Senador Nilo Coelho Airport,PNZ
Porto Alegre,Salgado Filho International Airport,POA
Porto Velho,Governador Jorge Teixeira de Oliveira International Airport,PVH
Recife,Guararapes International Airport,REC
Rio de Janeiro,Rio de Janeiro-Galeão International Airport,GIG
Salvador,Deputado Luís Eduardo Magalhães International Airport,SSA
São Luís,Marechal Cunha Machado International Airport,SLZ
São Paulo,São Paulo-Guarulhos International Airport,GRU
São Paulo,Congonhas Airport,CGH
Vitória,Eurico de Aguiar Salles Airport,VIX
Antofagasta,Cerro Moreno International Airport,ANF
Easter Island,Mataveri International Airport,IPC
Concepción,Carriel Sur International Airport,CCP
Puerto Montt,El Tepual International Airport,PMC
Punta Arenas,Presidente Carlos Ibáñez del Campo International Airport,PUQ
Santiago de Chile,Comodoro Arturo Merino Benítez International Airport,SCL
Armenia,El Edén International Airport,AXM
Barranquilla,Ernesto Cortissoz International Airport,BAQ
Bogotá,El Dorado International Airport,BOG
Bucaramanga,Palonegro International Airport,BGA
Cali,Alfonso Bonilla Aragon International Airport,CLO
Cartagena de Indias,Rafael Núñez International Airport,CTG
Cúcuta,Camilo Daza International Airport,CUC
Leticia,Alfredo Vásquez Cobo International Airport,LET
Medellín,José María Córdova International Airport,MDE
Pereira,Matecaña International Airport,PEI
San Andrés,Gustavo Rojas Pinilla International Airport,ADZ
Santa Marta,Simón Bolívar International Airport,SMR
Cuenca,Mariscal Lamar International Airport,CUE
Esmeraldas,Carlos Concha Torres International Airport,ESM
Guayaquil,José Joaquín de Olmedo International Airport,GYE
Machala,Santa Rosa International Airport,ETR
Manta,Eloy Alfaro International Airport,MEC
Quito,Mariscal Sucre International Airport,UIO
Tulcán,Teniente Coronel Luis a Mantilla International Airport,TUA
Mount Pleasant,RAF Mount Pleasant,MPN
Cayenne,Cayenne-Rochambeau Airport,CAY
Georgetown,Cheddi Jagan International Airport,GEO
Asunción,Silvio Pettirossi International Airport,ASU
Ciudad del Este,Guaraní International Airport,AGT
Arequipa,Rodríguez Ballón International Airport,AQP
Cusco,Alejandro Velasco Astete International Airport,CUZ
Lima,Jorge Chávez International Airport,LIM
Paramaribo,Johan Adolf Pengel International Airport,PBM
Montevideo,Carrasco International Airport,MVD
Punta del Este,Capitan Corbeta CA Curbelo International Airport,PDP
Caracas,Simón Bolívar International Airport,CCS
Maracaibo,La Chinita International Airport,MAR
Valencia,Arturo Michelena International Airport,VLN
Aktau,Aktau Airport,SCO
Almaty,Almaty International Airport,ALA
Astana,Astana International Airport,TSE
Atyrau,Atyrau Airport,GUW
Karaganda,Karaganda Airport,KGF
Kostanay,Kostanay Airport,KSN
Shymkent,Shymkent Airport,CIT
Oral,Oral Ak Zhol Airport,URA
Bishkek,Manas Airport,FRU
Osh,Osh Airport,OSS
Dushanbe,Dushanbe Airport,DYU
Khujand,Khujand Airport,LBD
Ashgabat,Ashgabat Airport,ASB
Mary,Mary International Airport,MYP
Turkmenbashi,Turkmenbashi International Airport,KRW
Namangan,Namangan Airport,NMA
Tashkent,Tashkent International Airport,TAS
Pyongyang,Pyongyang Sunan International Airport,FNJ
Akita,Akita Airport,AXT
Aomori,Aomori Airport,AOJ
Fukuoka,Fukuoka Airport,FUK
Hakodate,Hakodate Airport,HKD
Kagoshima,Kagoshima Airport,KOJ
Komatsu,Komatsu Airport,KMQ
Hiroshima,Hiroshima Airport,HIJ
Kitakyushu,New Kitakyushu Airport,KKJ
Nagasaki,Nagasaki Airport,NGS
Nagoya,Chubu Centrair International Airport,NGO
Niigata,Niigata Airport,KIJ
Oita,Oita Airport,OIT
Okayama,Okayama Airport,OKJ
Osaka,Kansai International Airport,KIX
Sapporo,New Chitose Airport,CTS
Sendai,Sendai Airport,SDJ
Shizuoka,Shizuoka Airport,FSZ
Tōkyō\Yokohama,Haneda International Airport,HND
Tōkyō\Yokohama,Narita International Airport,NRT
Ulan Bator,Chinggis Khaan International Airport,ULN
Beihai,Beihai Fucheng Airport,BHY
Beijing,Beijing Capital International Airport,PEK
Beijing,Beijing Nanyuan Airport,NAY
Changchun,Changchun Longjia International Airport,CGQ
Changsha,Changsha Huanghua International Airport,CSX
Changzhou,Changzhou Benniu Airport,CZX
Chengdu,Chengdu Shuangliu International Airport,CTU
Chongqing,Chongqing Jiangbei International Airport,CKG
Dandong,Dandong Langtou Airport,DDG
Dalian,Dalian Zhoushuizi International Airport,DLC
Dunhuang,Dunhuang Airport,DNH
Fuzhou,Fuzhou Changle International Airport,FOC
Guangzhou,Guangzhou Baiyun International Airport,CAN
Guilin,Guilin Liangjiang International Airport,KWL
Guiyang,Guiyang Longdongbao Airport,KWE
Haikou,Haikou Meilan International Airport,HAK
Hangzhou,Hangzhou Xiaoshan International Airport,HGH
Harbin,Harbin Taiping International Airport,HRB
Hefei,Hefei Xinqiao International Airport,HFE
Huizhou,Huizhou Pingtan Airport,HUZ
Jieyang,Jieyang Chaoshan International Airport,SWA
Jinan,Jinan Yaoqiang International Airport,TNA
Kunming,Kunming Changshui International Airport,KMG
Lanzhou,Lanzhou Zhongchuan International Airport,LHW
Lhasa,Lhasa Gonggar Airport,LXA
Liuzhou,Liuzhou Bailian Airport,LZH
Luoyang,Luoyang Beijiao Airport,LYA
Mianyang,Mianyang Nanjiao Airport,MIG
Mudanjiang,Mudanjiang Airport,MDG
Nanchang,Nanchang Changbei International Airport,KHN
Nanjing,Nanjing Lukou International Airport,NKG
Nanning,Nanning Wuxu International Airport,NNG
Nantong,Nantong Xingdong Airport,NTG
Ningbo,Ningbo Lishe International Airport,NGB
Qingdao,Qingdao liuting International Airport,TAO
Quanzhou,Quanzhou Jinjiang International Airport,JJN
Sanya,Sanya Phoenix International Airport,SYX
Shanghai,Shanghai Hongqiao International Airport,SHA
Shanghai,Shanghai Pudong International Airport,PVG
Shenyang,Shenyang Taoxian International Airport,SHE
Shenzhen,Shenzhen Bao'an International Airport,SZX
Shijiazhuang,Shijiazhuang Zhengding International Airport,SJW
Wuxi,Sunan Shuofang International Airport,WUX
Taiyuan,Taiyuan Wusu International Airport,TYN
Tianjin,Tianjin Binhai International Airport,TSN
Tianshui,Tianshui Airport,THQ
Ürümqi,Ürümqi Diwopu International Airport,URC
Weihai,Weihai International Airport,WEH
Wenzhou,Wenzhou Yongqiang Airport,WNZ
Wuhan,Wuhan Tianhe International Airport,WUH
Xiamen,Xiamen Gaoqi International Airport,XMN
Xi'an,Xi'an Xianyang International Airport,XIY
Xiangyang,Xiangyang Airport,XFN
Xining,Xining Caojiabao Airport,XNN
Xichang,Xichang Qingshan Airport,XIC
Xuzhou,Xuzhou Guanyin Airport,XUZ
Yancheng,Yancheng Nanyang Airport,YNZ
Yanji,Yanji Airport,YNJ
Yantai,Yantai Penglai International Airport,YNT
Yinchuan,Yinchuan Hedong International Airport,INC
Zhangjiajie,Zhangjiajie Hehua Airport,DYG
Zhangye,Zhangye Ganzhou Airport,YZY
Zhengzhou,Zhengzhou Xinzheng International Airport,CGO
Zhoushan,Zhoushan Putuoshan Airport,HSN
Zhuhai,Zhuhai Jinwan Airport,ZUH
Hong Kong,Hong Kong International Airport,HKG
Macau,Macau International Airport,MFM
Kaohsiung,Kaohsiung International Airport,KHH
Taichung,Taichung International Airport,RMQ
Taipei,Taipei Songshan Airport,TSA
Taoyuan,Taiwan Taoyuan International Airport,TPE
Busan,Gimhae International Airport,PUS
Daegu,Daegu Airport,TAE
Jeju,Jeju International Airport,CJU
Seoul,Gimpo International Airport,GMP
Incheon,Incheon International Airport,ICN
Cheongju,Cheongju International Airport,CJJ
Muan,Muan International Airport,MWX
Yangyang,Yangyang International Airport,YNY
Chittagong,Shah Amanat International Airport,CGP
Dhaka,Hazrat Shahjalal International Airport,DAC
Sylhet,Osmani International Airport,ZYL
Paro,Paro Airport,PBH
Andaman & Nicobar Islands,Veer Savarkar International Airport,IXZ
Ahmedabad,Sardar Vallabhbhai Patel International Airport,AMD
Amritsar,Sri Guru Ram Dass Jee International Airport,ATQ
Agatti,Agatti Airport,AGX
Aizawl,Lengpui Airport,AJL
Along,Along Airport,IXV
Aranmula,Aranmula International Airport,AML
Bangalore,Kempegowda International Airport,BLR
Bhopal,Raja Bhoj International Airport,BHO
Bhubaneswar,Biju Patnaik International Airport,BBI
Chandigarh,Chandigarh International Airport,IXC
Chennai,Chennai International Airport,MAA
Chennai,New Chennai International Airport,NMA
Cochin,Cochin International Airport,COK
Coimbatore,Coimbatore International Airport,CJB
Daman,Daman Airport,NMA
Dimapur,Dimapur Airport,DMU
Delhi,Indira Gandhi International Airport,DEL
Dehradun,Jolly Grant Airport,DED
Dholera,Dholera International Airport,DHR
Faizabad,Ram Lala International Airport,FZD
Gangtok,Pakyong Airport,PAS
Gurgaon,Karnal Airport,KBS
Goa,Goa International Airport,GOI
Goa,Mopa Airport,MGI
Gaya,Gaya International Airport,GAY
Guwahati,Lokpriya Gopinath Bordoloi International Airport,GAU
Hyderabad,Rajiv Gandhi International Airport,HYD
Imphal,Imphal International Airport,IMF
Indore,Devi Ahilya Bai Holkar International Airport,IXR
Jaipur,Jaipur International Airport,JAI
Kannur,Kannur International Airport,CNN
Kolkata,Netaji Subhash Chandra Bose International Airport,CCU
Kozhikode,Calicut International Airport,CCJ
Kottayam,Sabarigiri International Airport,SIA
Kullu,Kullu Manali International Airport,KTM
Kusinagar,Gautama Buddha International Airport,KNR
Lucknow,Chaudhary Charan Singh International Airport,LKO
Madurai,Madurai International Airport,IXM
Mathura,Mathura International Airport,MAR
Mangalore,Mangalore International Airport,IXE
Mumbai,Chhatrapati Shivaji International Airport,BOM
Mysore,Mysore International Airport,MLE
Noida,Taj International Airport,NTA
Nagpur,Dr. Babasaheb Ambedkar International Airport,NAG
Navi Mumbai,Navi Mumbai International Airport,NMA
Kanpur,Captain Lakshmi Sehgal International Airport,KPR
Port Blair,Veer Savarkar International Airport,IXZ
Patna,Jay Prakash Narayan International Airport,PAT
Pasighat,Tong Airport,IXZ
Pune,Pune International Airport,PNQ
Pune,New Pune International Airport,NPQ
Purandar,Chhatrapati Sambhaji Raje International Airport,CRA
Raipur,Swami Vivekananda Airport,RPR
Ranchi,Birsa Munda Airport,IXR
Siliguri,Bagdogra International Airport,IXB
Shillong,Shillong Airport,SHL
Shimla,Shimla Airport,SLV
Srinagar,Srinagar Airport,SXR
Trichy,Tiruchirappalli International Airport,TRZ
Tirupati,Tirupati Airport,TIR
Trivandrum,Trivandrum International Airport,TRV
Varanasi,Lal Bahadur Shastri International Airport,VNS
Vijayawada,Nandamuri Taraka Rama Rao-Amaravati International Airport,VGA
Visakhapatnam,Visakhapatnam Airport,VTZ
Visakhapatnam,Bhogapuram Airport,VSA
Vadodara,Vadodara Airport,BDQ
Hulhule Island,Velana International Airport,MLE
Addu City,Gan International Airport,GAN
Kathmandu,Tribhuvan International Airport,KTM
Siddharthanagar,Gautam Buddha Airport,BWA
Bahawalpur,Bahawalpur Airport,BHV
Dera Ghazi Khan,Dera Ghazi Khan International Airport,DEA
Faisalabad,Faisalabad International Airport,LYP
Gwadar,Gwadar International Airport,GWD
Islamabad,Benazir Bhutto International Airport,ISB
Karachi,Jinnah International Airport,KHI
Lahore,Allama Iqbal International Airport,LHE
Multan,Multan International Airport,MUX
Peshawar,Bacha Khan International Airport,PEW
Quetta,Quetta International Airport,UET
Rahim Yar Khan,Shaikh Zayed International Airport,RYK
Sialkot,Sialkot International Airport,SKT
Turbat,Turbat International Airport,TUK
Colombo,Bandaranaike International Airport,CMB
Hambantota,Mattala Rajapaksa International Airport,HRi
Bandar Seri Begawan,Brunei International Airport,BWN
Phnom Penh,Phnom Penh International Airport,PNH
Siem Reap,Siem Reap-Angkor International Airport,REP
Sihanoukville,Sihanoukville International Airport,KOS
Dili,Presidente Nicolau Lobato International Airport,DIL
Makassar,Hasanuddin International Airport,UPG
Manado,Sam Ratulangi International Airport,MDC
Mataram,Lombok International Airport,LOP
Medan,Kuala Namu International Airport,KNO
Padang,Minangkabau International Airport,PDG
Palembang,Sultan Mahmud Badaruddin II Airport,PLM
Pekanbaru,Sultan Syarif Qasim II International Airport,PKU
Samarinda,Samarinda International Airport,SRI
Semarang,Achmad Yani International Airport,SRG
Surabaya,Juanda International Airport,SUB
Solo,Adisumarmo International Airport,SOC
Yogyakarta,Adisucipto International Airport,JOG
Jakarta,Soekarno Hatta International Airport,CGK
Denpasar,Ngurah Rai International Airport,DPS
Bandung,Husein Sastranegara International Airport,BDO
Balikpapan,Sultan Aji Muhammad Sulaiman Airport,BPN
Ambon,Pattimura Airport,AMQ
Palangkaraya,Tjilik Riwut Airport,PKY
Jayapura,Sentani Airport,DJJ
Banjarmasin,Syamsudin Noor Airport,BDJ
Kupang,El Tari Airport,KOE
Kendari,Haluoleo Airport,KDI
Luang Prabang,Luang Prabang International Airport,LPQ
Pakse,Pakse International Airport,PKZ
Vientiane,Wattay International Airport,VTE
Ipoh,Sultan Azlan Shah Airport,IPH
Johor Bahru,Senai International Airport,JHB
Kota Bharu,Sultan Ismail Petra Airport,KBR
Kota Kinabalu,Kota Kinabalu International Airport,BKI
Kuala Lumpur,Kuala Lumpur International Airport,KUL
Kuching,Kuching International Airport,KCH
Langkawi,Langkawi International Airport,LGK
Penang,Penang International Airport,PEN
Subang,Sultan Abdul Aziz Shah Airport,SZB
Mandalay,Mandalay International Airport,MDL
Yangon,Yangon International Airport,RGN
Naypyidaw,Naypyidaw Airport,NYT
Bacolod,Bacolod–Silay International Airport,BCD
"Lapu-Lapu, Philippines",Mactan–Cebu International Airport,CEB
"Angeles, Philippines",Clark International Airport,CRK
Davao City,Francisco Bangoy International Airport,DVO
General Santos,General Santos International Airport,GES
Iloilo City,Iloilo International Airport,ILO
Kalibo,Kalibo International Airport,KLO
Laoag,Laoag International Airport,LAO
Manila,Ninoy Aquino International Airport,MNL
Puerto Princesa,Puerto Princesa International Airport,PPS
Olongapo,Subic Bay International Airport,SFS
Zamboanga City,Zamboanga International Airport,ZAM
Singapore,Singapore Changi Airport,SIN
Bangkok,Suvarnabhumi Airport,BKK
Bangkok,Don Mueang International Airport,DMK
Chiang Mai,Chiang Mai International Airport,CNX
Chiang Rai Province,Mae Fah Luang International Airport,CEI
Rayong and Pattaya,U-Tapao International Airport,UTP
Hat Yai,Hat Yai International Airport,HDY
Krabi,Krabi Airport,KBV
Phuket Province,Phuket International Airport,HKT
Surat Thani Province,Surat Thani Airport,URT
Ko Samui,Samui Airport,USM
Udon Thani,Udon Thani International Airport,UTH
Da Nang,Da Nang International Airport,DAD
Hanoi,Noi Bai International Airport,HAN
Ho Chi Minh City,Tan Son Nhat International Airport,SGN
Can Tho,Can Tho International Airport,VCA
Haiphong,Cat Bi International Airport,HPH
Huế,Phu Bai International Airport,HUI
Phu Quoc,Phu Quoc International Airport,PQC
Khánh Hòa,Cam Ranh International Airport,CXR
Quảng Nam,Chu Lai International Airport,VCL
Kabul,Hamid Karzai International Airport,KBL
Herat,Herat International Airport,HEA
Kandahar,Kandahar International Airport,KDH
Mazar-i-Sharif,Mazar-e Sharif International Airport,MZR
Manama,Bahrain International Airport,BAH
Bandar Abbas,Bandar Abbas International Airport,BND
Birjand,Birjand International Airport,XBJ
Isfahan,Isfahan International Airport,IFN
Kish Island,Kish Airport,KIH
Mashhad,Mashhad International Airport,MHD
Mehrabad,Mehrabad International Airport,THR
Qeshm,Dayrestan Airport,GSM
Shiraz,Shiraz International Airport,SYZ
Tabriz,Tabriz International Airport,TBZ
Tehran,Tehran Imam Khomeini International Airport,IKA
Al Najaf,Al Najaf International Airport,NJF
Baghdad,Baghdad International Airport,BGW
Basra,Basra International Airport,BSR
Erbil,Erbil International Airport,EBL
Mosul,Mosul International Airport,OSM
Sulaymaniyah,Sulaimaniyah International Airport,ISU
Eilat,"Ramon Airport (under construction, opening 2017)",ETM
Haifa,Haifa Airport,HFA
Negev,Ovda International Airport,VDA
Greater Tel Aviv,Ben Gurion Airport,TLV
Aqaba,King Hussein International Airport,AQJ
Amman,Queen Alia International Airport,AMM
Amman,Amman Civil Airport,ADJ
Kuwait,Kuwait International Airport,KWI
Beirut,Beirut Rafic Hariri International Airport,BEY
Muscat,Muscat International Airport,MCT
Salalah,Salalah Airport,SLL
Doha,Hamad International Airport,DOH
Dammam,King Fahd International Airport,DMM
Jeddah,King Abdulaziz International Airport,JED
Medina,Prince Mohammad Bin Abdulaziz International Airport,MED
Riyadh,King Khalid International Airport,RUH
Aleppo,Aleppo International Airport,ALP
Damascus,Damascus International Airport,DAM
Latakia,Bassel Al-Assad International Airport,LTK
Abu Dhabi,Abu Dhabi International Airport,AUH
Al Ain,Al Ain International Airport,AAN
Dubai,Al-Maktoum International Airport,DWC
Dubai,Dubai International Airport,DXB
Ras Al Khaimah,Ras Al Khaimah International Airport,RKT
Sharjah,Sharjah International Airport,SHJ
Aden,Aden International Airport,ADE
Sana'a,Sana'a International Airport,SAH
Antwerp,Antwerp International Airport,ANR
Brussels,Brussels Airport,BRU
Brussels/Charleroi,Brussels South Charleroi Airport,CRL
Liège,Liège Airport,LGG
Ostend/Bruges,Ostend-Bruges International Airport,OST
Ajaccio,Campo dell'Oro Airport,AJA
Bastia,Poretta Airport,BIA
Beauvais,Beauvais-Tillé Airport,BVA
Bergerac,Bergerac-Roumanière Airport,EGC
Béziers,Béziers Cap d'Agde Airport,BZR
Biarritz,Biarritz Airport,BIQ
Bordeaux,Mérignac Airport,BOD
Brest,Brest Bretagne Airport,BES
Carcassonne,Salvaza Airport,CCF
Châlons-en-Champagne,Châlons Vatry Airport,XCR
Chambéry,Chambéry-Savoie Airport,CMF
Dinard,Pleurtuit Airport,DNR
Figari,Figari Sud-Corse Airport,FSC
Grenoble,Grenoble-Isère Airport,GNB
Ile de Re,Île de Ré Airport,LRH
Lille,Lille Lesquin Airport,LIL
Limoges,Bellegarde Airport,LIG
Lyon,Saint-Exupéry Airport,LYS
Marseille,Provence Airport,MRS
Mulhouse,Basel-Mulhouse-Freiburg Airport,BSL
Nantes,Nantes Atlantique Airport,NTE
Nice,Côte d'Azur Airport,NCE
Nîmes,Garons Airport,FNI
Paris,Charles de Gaulle Airport,CDG
Paris,Orly Airport,ORY
Pau,Uzein Airport,PUF
Perpignan,Llabanère Airport,PGF
Poitiers,Biard Airport,PIS
Rodez,Marcillac Airport,RDZ
Saint Etienne,Bouthéon Airport,EBU
Strasbourg,Strasbourg Airport,SXB
Toulon,Hyères Le Palyvestre Airport,TLN
Toulouse,Blagnac Airport,TLS
Tours,Tours Loire Valley Airport,TUF
Gibraltar,North Front Airport,GIB
Guernsey,Guernsey Airport,GCI
Jersey,Jersey Airport,JER
Cork,Cork Airport,ORK
Dublin,Dublin Airport,DUB
Kerry,Kerry Airport,KIR
Knock,Ireland West Airport Knock,NOC
Shannon,Shannon Airport,SNN
Isle of Man,Isle of Man Airport,IOM
Luxembourg City,Findel Airport,LUX
Amsterdam,Amsterdam Airport Schiphol,AMS
Eindhoven,Eindhoven Airport,EIN
Groningen,Groningen Airport Eelde,GRQ
Maastricht,Maastricht-Aachen Airport,MST
Rotterdam,Rotterdam The Hague Airport,RTM
Beja,Beja Airport,BYJ
Faro,Faro Airport,FAO
Funchal,Madeira Airport,FNC
Porto Santo Island,Porto Santo Airport,PXO
Lisbon,Lisbon Portela Airport,LIS
Porto,Francisco Sá Carneiro Airport,OPO
Ponta Delgada,João Paulo II Airport,PDL
Terceira Island,Terceira Airport,TER
A Coruña,Alvedro Airport,LCG
Alicante,Alicante Airport,ALC
Almeria,Almería International Airport,LEI
Asturias,Asturias Airport,OVD
Barcelona,Barcelona Airport,BCN
Fuerteventura,Fuerteventura Airport,FUE
Girona,Girona-Costa Brava Airport,GRO
Gran Canaria,Gran Canaria Airport,LPA
Granada,Granada Airport,GRX
Huesca,Huesca-Pirineos Airport,HSK
Ibiza,Ibiza Airport,IBZ
Jerez de la Frontera,Jerez Airport,XRY
La Palma,La Palma Airport,SPC
Lanzarote,Lanzarote Airport,ACE
Lleida,Alguaire Airport,ILD
Madrid,Madrid-Barajas Airport,MAD
Málaga,Málaga Airport,AGP
Menorca,Menorca Airport,MAH
Murcia,Murcia-San Javier Airport,MJV
Palma de Mallorca,Palma de Mallorca Airport,PMI
Reus,Reus Airport,REU
Santander,Santander Airport,SDR
Santiago de Compostela,Santiago de Compostela Airport,SCQ
Seville,Seville Airport,SVQ
Tenerife,Tenerife North Airport,TFN
Tenerife,Tenerife South Airport,TFS
Valencia,Valencia Airport,VLC
Valladolid,Valladolid Airport,VLL
Zaragoza,Zaragoza Airport,ZAZ
Graz,Graz Airport,GRZ
Klagenfurt,Klagenfurt Airport,KLU
Innsbruck,Innsbruck Airport,INN
Linz,Linz Airport,LNZ
Salzburg,Salzburg Airport,SZG
Vienna,Vienna International Airport,VIE
Baden-Baden/Karlsruhe,Karlsruhe/Baden-Baden Airport,FKB
Berlin,Berlin Tegel Airport,TXL
Berlin,Berlin Schönefeld Airport,SXF
Berlin,Berlin Brandenburg Airport (Future),BER
Bremen,Bremen Airport,BRE
Cologne/Bonn,Cologne/Bonn Airport,CGN
Dortmund,Dortmund Airport,DTM
Düsseldorf,Düsseldorf Airport,DUS
Frankfurt,Frankfurt Airport,FRA
Frankfurt,Frankfurt-Hahn Airport,HHN
Freiburg im Breisgau,EuroAirport Basel–Mulhouse–Freiburg,MLH/BSL/EAP
Friedrichshafen,Friedrichshafen Airport,FDH
Hamburg,Hamburg Airport,HAM
Hanover,Langenhagen Airport,HAJ
Leipzig,Leipzig/Halle Airport,LEJ
Lübeck,Lübeck Airport,LBC
Memmingen,Memmingen Airport,FMM
Munich,Munich Airport,MUC
Nuremberg,Albrecht Dürer Airport,NUE
Stuttgart,Stuttgart Airport,STR
Weeze,Weeze Airport,NRN
Athens,Athens International Airport,ATH
Chania,Chania International Airport,CHQ
Chios Island,Chios Island National Airport,JKH
Corfu,Ioannis Kapodistrias Airport,CFU
Heraklion,Heraklion International Airport,HER
Kalamata,Kalamata International Airport,KLX
Karpathos Island,Karpathos Island National Airport,AOK
Kavala,Kavala International Airport,KVA
Kefalonia Island,Kefalonia Island International Airport,EFL
Kos Island,Kos Island International Airport,KGS
Mykonos Island,Mykonos Island National Airport,JMK
Mytilene,Mytilene International Airport,MJT
Preveza,Aktion National Airport,PVK
Rhodes,Rhodes International Airport,RHO
Samos,Samos International Airport,SMI
Santorini,Santorini (Thira) National Airport,JTR
Skiathos Island,Skiathos Island National Airport,JSI
Skyros Island,Skyros Island National Airport,SKU
Thessaloniki,Thessaloniki International Airport,SKG
Volos,Nea Anchialos National Airport,VOL
Zakynthos,Zakynthos International Airport,ZTH
Alghero,Fertilia Airport,AHO
Ancona,Ancona Airport,AOI
Bari,Palese Airport,BRI
Bergamo,Orio al Serio Airport,BGY
Bologna,Bologna Airport,BLQ
Brescia,Brescia Airport,VBS
Brindisi,Brindisi Airport,BDS
Cagliari,Cagliari Airport,CAG
Catania,Fontanarossa Airport,CTA
Cuneo,Cuneo Levaldigi Airport,CUF
Florence,Peretola Airport,FLR
Genoa,Cristoforo Colombo Airport,GOA
Lamezia,Lamezia Terme Airport,SUF
Milan,Linate Airport,LIN
Milan,Malpensa Airport,MXP
Naples,Capodichino Airport,NAP
Olbia,Costa Smeralda Airport,OLB
Palermo,Palermo Airport,PMO
Perugia,San Egidio Airport,PEG
Pescara,Abruzzo Airport,PSR
Pisa,Galileo Galilei Airport,PSA
Rimini,Federico Fellini Airport,RMI
Rome,Leonardo da Vinci-Fiumicino Airport,FCO
Rome,Rome Ciampino Airport,CIA
Trapani,Vincenzo Florio Airport,TPS
Trieste,Friuli Venezia Giulia Airport,TRS
Turin,Caselle Airport,TRN
Venice,Venice Marco Polo Airport,VCE
Verona,Verona Airport,VRN
Basel-Mulhouse-Freiburg,EuroAirport Basel–Mulhouse–Freiburg,BSL
Bern,Bern-Belp Airport,BRN
Geneva,Geneva International Airport,GVA
St. Gallen,St. Gallen-Altenrhein Airport,ACH
Zurich,Zurich Airport,ZRH
Bydgoszcz,Bydgoszcz Ignacy Jan Paderewski Airport,BZG
Gdańsk,Gdańsk Lech Wałęsa Airport,GDN
Katowice,Katowice International Airport,KTW
Kraków,John Paul II International Airport Kraków-Balice,KRK
Lublin,Lublin Airport,LUZ
Łódź,Łódź Władysław Reymont Airport,LCJ
Poznań,Poznań Ławica Airport,POZ
Rzeszów,Rzeszów-Jasionka Airport,RZE
Szczecin,"Szczecin-Goleniów ""Solidarność"" Airport",SZZ
Warsaw,Frédéric Chopin Airport,WAW
Warsaw,Modlin Airport,WMI
Wrocław,Copernicus Airport Wrocław,WRO
Bucharest,Henri Coanda International Airport,OTP
Cluj-Napoca,Cluj-Napoca International Airport,CLJ
Constanța,Mihail Kogălniceanu International Airport,CND
Iași,Iași International Airport,IAS
Oradea,Oradea International Airport,OMR
Sibiu,Sibiu International Airport,SBZ
Timișoara,Traian Vuia International Airport,TSR
Tirana,Tirana International Airport Nënë Tereza,TIA
Yerevan,Zvartnots International Airport,EVN
Gyumri,Shirak Airport,LWN
Baku,Heydar Aliyev International Airport,GYD
Ganja,Ganja International Airport,KVD
Nakhchivan (city),Nakhchivan Airport,NAJ
Qabala,Qabala International Airport,GBB
Lankaran,Lankaran International Airport,LLK
Grodno,Hrodna Airport,GNA
Gomel,Gomel Airport,GME
Minsk,Minsk International Airport,MSQ
Banja Luka,Banja Luka International Airport,BNX
Sarajevo,Sarajevo International Airport,SJJ
Tuzla,Tuzla International Airport,TZL
Mostar,Mostar International Airport,OMO
Burgas,Burgas Airport,BOJ
Plovdiv,Plovdiv Airport,PDV
Sofia,Sofia Airport,SOF
Varna,Varna Airport,VAR
Dubrovnik,Dubrovnik Airport,DBV
Zagreb,Franjo Tuđman Airport,ZAG
Osijek,Osijek Airport,OSI
Pula,Pula Airport,PUY
Rijeka,Rijeka Airport,RJK
Split,Split Airport,SPU
Zadar,Zadar Airport,ZAD
Larnaca,Larnaca International Airport,LCA
Paphos,Paphos International Airport,PFO
Tymbou,Ercan International Airport,ECN
Brno,Brno-Tuřany Airport,BRQ
Karlovy Vary,Karlovy Vary Airport,KLV
Ostrava,Leoš Janáček Ostrava Airport,OSR
Prague,Prague Václav Havel Airport,PRG
Pardubice,Pardubice Airport,PED
Tallinn,Lennart Meri Tallinn Airport,TLL
Tartu,Tartu Airport,TAY
Batumi,Batumi International Airport,BUS
Kutaisi,Kutaisi International Airport,KUT
Tbilisi,Tbilisi International Airport,TBS
Budapest,Budapest Ferenc Liszt International Airport,BUD
Debrecen,Debrecen International Airport,DEB
Hévíz,Hévíz-Balaton Airport,SOB
Győr-Pér,Győr-Pér International Airport,QGY
Pécs-Pogány,Pécs-Pogány International Airport,QPJ
Pristina,Pristina International Airport,PRN
Riga,Riga International Airport,RIX
Ventspils,Ventspils International Airport,VNT
Kaunas,Kaunas Airport,KUN
Palanga,Palanga International Airport,PLQ
Šiauliai,Šiauliai International Airport,SQQ
Vilnius,Vilnius International Airport,VNO
Ohrid,Ohrid St. Paul the Apostle Airport,OHD
Skopje,Skopje Alexander the Great Airport,SKP
Luqa,Malta International Airport,MLA
Chişinău,Chişinău International Airport,KIV
Podgorica,Podgorica Airport,TGD
Tivat,Tivat Airport,TIV
Abakan,Abakan International Airport,ABA
Anadyr,Ugolny Airport,DYR
Anapa,Anapa Airport,AAQ
Arkhangelsk,Talagi Airport,ARH
Astrakhan,Narimanovo Airport,ASF
Barnaul,Barnaul Airport,BAX
Belgorod,Belgorod International Airport,EGO
Blagoveshchensk,Ignatyevo Airport,BQS
Bratsk,Bratsk Airport,BTK
Bryansk,Bryansk International Airport,BZK
Cheboksary,Cheboksary Airport,CSY
Chelyabinsk,Chelyabinsk Airport,CEK
Cherepovets,Cherepovets Airport,CEE
Chita,Kadala Airport,HTA
Elista,Elista Airport,ESL
Irkutsk,Irkutsk Airport,IKT
Grozny,Grozny Airport,GRV
Kaliningrad,Khrabrovo Airport,KGD
Kazan,Kazan Airport,KZN
Khabarovsk,Khabarovsk Novy Airport,KHV
Komsomolsk-on-Amur,Komsomolsk-on-Amur Airport,KXK
Krasnodar,Pashkovsky Airport,KRR
Krasnoyarsk,Yemelyanovo International Airport,KJA
Kursk,Kursk Vostochny Airport,URS
Magadan,Sokol Airport,GDX
Magnitogorsk,Magnitogorsk International Airport,MQF
Makhachkala,Uytash Airport,MCX
Mineralnye Vody,Mineralnye Vody Airport,MRV
Moscow,Domodedovo International Airport,DME
Moscow,Sheremetyevo International Airport,SVO
Moscow,Vnukovo Airport,VKO
Murmansk,Murmansk Airport,MMK
Nalchik,Nalchik Airport,NAL
Nizhnevartovsk,Nizhnevartovsk Airport,NJC
Nizhnekamsk,Begishevo Airport,NBC
Nizhny Novgorod,Strigino Airport,GOJ
Novokuznetsk,Spichenkovo Airport,NOZ
Novosibirsk,Tolmachevo Airport,OVB
Omsk,Omsk Tsentralny Airport,OMS
Orenburg,Orenburg Tsentralny Airport,REN
Orsk,Orsk Airport,OSW
Perm,Perm International Airport,PEE
Petrozavodsk,Petrozavodsk Airport,PES
Provideniya,Provideniya Bay Airport,PVS
Petropavlovsk-Kamchatsky,Yelizovo Airport,PKC
Pskov,Pskov Airport,PKV
Rostov-on-Don,Rostov-na-Donu Airport,ROV
Saint Petersburg,Pulkovo Airport,LED
Samara,Samara Kurumoch Airport,KUF
Saratov,Saratov Tsentralny Airport,RTW
Sochi,Sochi International Airport,AER
Stavropol,Stavropol Shpakovskoye Airport,STW
Surgut,Surgut International Airport,SGC
Syktyvkar,Syktyvkar Airport,SCW
Tomsk,Bogashevo Airport,TOF
Tyumen,Roshchino International Airport,TJM
Ulan-Ude,Baikal International Airport,UUD
Ulyanovsk,Ulyanovsk Vostochny Airport,ULY
Ufa,Ufa International Airport,UFA
Vladivostok,Vladivostok International Airport,VVO
Vladikavkaz,Beslan Airport,OGZ
Volgograd,Volgograd International Airport,VOG
Voronezh,Voronezh International Airport,VOZ
Yakutsk,Yakutsk Airport,YKS
Yaroslavl,Tunoshna Airport,IAR
Yekaterinburg,Koltsovo International Airport,SVX
Yuzhno-Sakhalinsk,Yuzhno-Sakhalinsk Airport,UUS
Belgrade,Belgrade Nikola Tesla Airport,BEG
Niš,Niš Constantine the Great Airport,INI
Bratislava,M. R. Štefánik Airport,BTS
Košice,Košice International Airport,KSC
Piešťany,Piešťany Airport,PZY
Poprad,Poprad-Tatry Airport,TAT
Sliač,Sliač Airport,SLD
Žilina,Žilina Airport,ILZ
Ljubljana,Ljubljana Jože Pučnik Airport,LJU
Portorož,Portorož Airport,POW
Adana,Şakirpaşa Airport,ADA
Ankara,Esenboğa International Airport,ESB
Antalya,Antalya Airport,AYT
Bodrum,Milas-Bodrum Airport,BJV
Bursa,Yenişehir Airport,YEI
Dalaman,Dalaman Airport,DLM
Gaziantep,Oğuzeli Airport,GZT
Istanbul,Atatürk International Airport,IST
Istanbul,Sabiha Gökçen International Airport,SAW
İzmir,Adnan Menderes Airport,ADB
Kayseri,Erkilet Airport,ASR
Konya,Konya Airport,KYA
Kütahya,Zafer Airport,KZR
Malatya,Erhaç Airport,MLX
Nevşehir,Kapadokya Airport,NAV
Samsun,Samsun-Çarşamba Airport,SZF
Trabzon,Trabzon Airport,TZX
Zonguldak,Zonguldak Airport,ONQ
Kiev,Boryspil International Airport,KBP
Chernivtsi,Chernivtsi International Airport,CWC
Donetsk,Donetsk Airport,DOK
Dnipropetrovsk,Dnipropetrovsk International Airport,DNK
Kiev,"Gostomel Airport (cargo only, serving Kiev)",GML
Ivano-Frankivsk,Ivano-Frankivsk International Airport,IFO
Kharkiv,Kharkiv International Airport,HRK
Kryvyi Rih,Kryvyi Rih International Airport,KWG
Kiev,Kyiv Zhuliany International Airport,IEV
Luhansk,Luhansk International Airport,VSG
Lviv,Lviv Danylo Halytskyi International Airport,LWO
Mykolaiv Oblast,Mykolaiv International Airport,NLV
Odessa,Odessa International Airport,ODS
Simferopol,Simferopol International Airport,SIP
Zaporizhia,Zaporizhia International Airport,OZH
Aalborg,Aalborg Airport,AAL
Aarhus,Aarhus Airport,AAR
Billund,Billund Airport,BLL
Copenhagen,Copenhagen Airport,CPH
Vágar,Vágar Airport,FAE
Aland,Mariehamn Airport (Åland),MHQ
Helsinki,Helsinki-Vantaa Airport,HEL
Kittilä,Kittilä Airport,KTT
Kuopio,Kuopio Airport,KUO
Kuusamo,Kuusamo Airport,KAO
Lappeenranta,Lappeenranta Airport,LPP
Oulu,Oulu Airport,OUL
Rovaniemi,Rovaniemi Airport,RVN
Tampere,Tampere-Pirkkala Airport,TMP
Turku,Turku Airport,TKU
Vaasa,Vaasa Airport,VAA
Akureyri,Akureyri Airport,AEY
Reykjavik,Keflavik International Airport,KEF
Reykjavik,Reykjavik Airport,RKV
Ålesund,Ålesund Airport,AES
Bergen,Bergen Airport,BGO
Bodø,Bodø Airport,BOO
Haugesund,Haugesund Airport,HAU
Kristiansand,"Kristiansand Airport, Kjevik",KRS
Kristiansund,"Kristiansund Airport, Kvernberget",KSU
Oslo,Oslo Airport-Gardermoen,OSL
Oslo,Moss Airport,RYG
Oslo,Sandefjord Airport,TRF
Stavanger,Stavanger Airport,SVG
Tromsø,Tromsø Airport,TOS
Trondheim,Trondheim Airport,TRD
Gothenburg,Gothenburg City Airport,GSE
Gothenburg,Göteborg Landvetter Airport,GOT
Luleå,Luleå Airport,LLA
Malmö,Malmö Airport,MMX
Norrköping,Norrköping Airport,NRK
Östersund,Åre Östersund Airport,OSD
Stockholm,Stockholm-Arlanda Airport,ARN
Stockholm,Stockholm-Bromma Airport,BMA
Stockholm,Stockholm-Skavsta Airport,NYO
Stockholm,Stockholm-Västerås Airport,VST
Umeå,Umeå Airport,UME
Växjö,Växjö Airport,VXO
Visby,Visby Airport,VBY
Birmingham,Birmingham International Airport,BHX
Bournemouth,Bournemouth Airport,BOH
Bristol,Bristol Airport,BRS
Cardiff,Cardiff Airport,CWL
Doncaster/Sheffield,Robin Hood Airport Doncaster Sheffield,DSA
Middlesbrough,Durham Tees Valley Airport,MME
Nottingham/Leicester,East Midlands Airport,EMA
Exeter,Exeter International Airport,EXT
Leeds/Bradford,Leeds Bradford International Airport,LBA
Liverpool,Liverpool John Lennon Airport,LPL
London,London City Airport,LCY
London,Gatwick Airport,LGW
London,Heathrow Airport,LHR
London,Luton Airport,LTN
London,Southend Airport,SEN
London,Stansted Airport,STN
Manchester,Manchester Airport,MAN
Newcastle upon Tyne,Newcastle Airport,NCL
Newquay,Newquay Cornwall Airport,NQY
Norwich,Norwich International Airport,NWI
Southampton,Southampton Airport,SOU
Aberdeen,Aberdeen Airport,ABZ
Edinburgh,Edinburgh Airport,EDI
Glasgow,Glasgow International Airport,GLA
Glasgow,Glasgow Prestwick Airport,PIK
Inverness,Inverness Airport,INV
Belfast,Belfast International Airport,BFS
Belfast,George Best Belfast City Airport,BHD
Derry,City of Derry Airport,LDY
Adelaide,Adelaide Airport,ADL
Brisbane,Brisbane Airport,BNE
Cairns,Cairns Airport,CNS
Canberra,Canberra Airport,CBR
Darwin,Darwin International Airport,DRW
Gold Coast,Gold Coast Airport,OOL
Hobart,Hobart International Airport,HBA
Melbourne,Melbourne Airport,MEL
Perth,Perth Airport,PER
Port Hedland,Port Hedland International Airport,PHE
Sydney,Sydney Airport,SYD
Townsville,Townsville International Airport,TSV
Christmas Island,Christmas Island Airport,XCH
Cocos (Keeling Islands),Cocos (Keeling) Islands Airport,CCK
Cook Islands,Rarotonga Airport,RAR
Hanga Roa,Mataveri International Airport,IPC
Nadi,Nadi International Airport,NAN
Suva,Nausori International Airport,SUV
Papeete,Faa'a International Airport,PPT
Hagåtña,Antonio B. Won Pat International Airport,GUM
Kiritimati,Cassidy International Airport,CXI
Tarawa,Bonriki International Airport,TRW
Kwajalein,Bucholz Army Airfield,KWA
Majuro,Marshall Islands International Airport,MAJ
Chuuk,Chuuk International Airport,TKK
Kosrae,Kosrae International Airport,KSA
Pohnpei,Pohnpei International Airport,PNI
Yap,Yap International Airport,YAP
Yaren,Nauru International Airport,INU
Nouméa,La Tontouta International Airport,NOU
Auckland,Auckland Airport,AKL
Christchurch,Christchurch International Airport,CHC
Dunedin,Dunedin International Airport,DUD
Queenstown,Queenstown Airport,ZQN
Wellington,Wellington International Airport,WLG
Norfolk Island,Norfolk Airport,NLK
Rota Island,Rota International Airport,ROP
Saipan Island,Saipan International Airport,SPN
Tinian Island,Tinian International Airport,TIQ
Alofi,Niue International Airport,IUE
Koror,Roman Tmetuchl International Airport,ROR
Port Moresby,Jacksons International Airport,POM
Apia,Faleolo International Airport,APW
Honiara,Honiara International Airport,HIR
Nukuʻalofa,Fuaʻamotu International Airport,TBU
Vavaʻu,Vava'u International Airport,VAV
Funafuti,Funafuti International Airport,FUN
Luganville,Santo-Pekoa International Airport,SON
Port Vila,Bauerfield International Airport,VLI
Futuna,Pointe Vele Airport,FUT
Wallis,Hihifo Airport,WLS
Goma,Goma International Airport,GOM
Kinshasa,N'djili Airport,FIH
Kisangani,Bangoka International Airport,FKI
Lubumbashi,Lubumbashi International Airport,FBM
Brazzaville,Maya-Maya Airport,BZV
Pointe-Noire,Pointe Noire Airport,PNR
Malabo,Malabo International Airport,SSG
Franceville,M'Vengue El Hadj Omar Bongo Ondimba International Airport,MVB
Libreville,Leon M'ba International Airport,LBV
Port-Gentil,Port-Gentil International Airport,POG
São Tomé,São Tomé International Airport,TMS
Bujumbura,Bujumbura International Airport,BJM
"Moroni, Comoros",Prince Said Ibrahim International Airport,HAH
Eldoret,Eldoret International Airport,EDL
Mombasa,Moi International Airport,MBA
Kisumu,Kisumu International Airport,KIS
Nairobi,Jomo Kenyatta International Airport,NBO
Plaine Magnien,Sir Seewoosagur Ramgoolam International Airport,MRU
Saint-Denis,Roland Garros Airport,RUN
Kigali,Kigali International Airport,KGL
Victoria,Seychelles International Airport,SEZ
Juba,Juba International Airport,JUB
Dar es Salaam,Julius Nyerere International Airport,DAR
Hai District,Kilimanjaro International Airport,JRO
"Unguja, Zanzibar",Abeid Amani Karume International Airport,ZNZ
Entebbe,Entebbe International Airport,EBB
Djibouti City,Djibouti-Ambouli International Airport,JIB
Asmara,Asmara International Airport,ASM
Addis Ababa,Addis Ababa Bole International Airport,ADD
Dire Dawa,Aba Tenna Dejazmach Yilma International Airport,DIR
Bosaso,Bender Qassim International Airport,BSA
Galkayo,Abdullahi Yusuf International Airport,GBY
Garowe,Garowe International Airport,GGR
Hargeisa,Hargeisa International Airport,HGA
Kismayo,Kismayo Airport,KMU
Mogadishu,Aden Adde International Airport,MGQ
Adrar,Touat-Cheikh Sidi Mohamed Belkebir Airport,AZR
Algiers,Houari Boumedienne Airport,ALG
Annaba,Rabah Bitat Airport,AAE
Batna,Batna Airport,BLJ
Bejaia,Soummam Airport,BJA
Oumache,Biskra Airport,BSK
Chlef,Chlef International Airport,CFK
Constantine,Mohamed Boudiaf Airport,CZL
Hassi Messaoud,Oued Irara Airport,HME
Jijel,Jijel Ferhat Abbas Airport,GJL
Oran,Oran Es Senia Airport,ORN
Sétif,Ain Arnat Airport,QSF
Tamanrasset,Tamanrasset Airport,TMR
Tlemcen,Zenata Airport,TLM
N'Djamena,N'Djamena International Airport,NDJ
Alexandria,Borg El Arab Airport,HBE
Alexandria,Alexandria International Airport,ALY
Asyut,Assiut Airport,ATZ
Aswan,Aswan International Airport,ASW
Cairo,Cairo International Airport,CAI
El Arish,El Arish International Airport,AAC
El Dabaa,Al Alamain International Airport,DBB
Hurghada,Hurghada International Airport,HRG
Luxor,Luxor International Airport,LXR
Marsa Alam,Marsa Alam International Airport,RMF
Mersa Matruh,Mersa Matruh Airport,MUH
Saint Catherine,St. Catherine International Airport,SKV
Sharm el-Sheikh,Sharm el-Sheikh International Airport,SSH
Sohag,Sohag International Airport,HMB
Taba,Taba International Airport,TCP
Benghazi,Benina International Airport,BEN
Sabha,Sebha Airport,SEB
Tripoli,Tripoli International Airport,TIP
Tajoura,Mitiga International Airport,MJI
Agadir,Al Massira Airport,AGA
Casablanca,Mohammed V International Airport,CMN
Fes,Fes-Saïss Airport,FEZ
Marrakech,Marrakech-Menara Airport,RAK
Nador,Nador International Airport,NDR
Oujda,Angads Airport,OUD
Rabat,Rabat-Salé Airport,RBA
Tangier,Tangier-Boukhalef Airport,TNG
Tetouan,Sania Ramel Airport,TTU
Dakhla,Dakhla Airport,VIL
Laâyoune,Hassan I Airport,EUN
Khartoum,Khartoum International Airport,KRT
Port Sudan,Port Sudan New International Airport,PZU
Djerba,Zarzis Airport,DJE
Enfidha,Enfidha-Hammamet International Airport,NBE
Monastir,Habib Bourguiba International Airport,MIR
Sfax,Thyna International Airport,SFA
Tabarka,7 Novembre International Airport,TBJ
Tozeur,Nefta International Airport,TOE
Tunis,Carthage International Airport,TUN
Luanda,Quatro de Fevereiro Airport,LAD
Lubango,Lubango Airport,SSD
Gaborone,Sir Seretse Khama International Airport,GBE
Maun,Maun Airport,MUB
Francistown,Francistown Airport,FRW
Kasane,Kasane Airport,BBK
Maseru,Moshoeshoe I International Airport,MSU
Antananarivo,Ivato International Airport,TNR
Antsiranana,Arrachart Airport,DIE
Mahajanga,Amborovy Airport,MJN
Nosy Be,Fascene Airport,NOS
Toamasina,Toamasina Airport,TMM
Tôlanaro,Tolanaro Airport,FTU
Toliara,Toliara Airport,TLE
Blantyre,Chileka International Airport,BLZ
Lilongwe,Lilongwe International Airport,LLW
Dzaoudzi,Dzaoudzi Pamandzi International Airport,DZA
Maputo,Maputo International Airport,MPM
Beira,Beira Airport,BEW
Inhambane,Inhambane Airport,INH
Nampula,Nampula Airport,APL
Pemba,Pemba Airport,POL
Tete,Chingozi Airport,TET
Vilankulo,Vilankulo Airport,VNX
Windhoek,Windhoek Hosea Kutako International Airport,WDH
Walvis Bay,Walvis Bay Airport,WVB
Cape Town,Cape Town International Airport,CPT
Durban,King Shaka International Airport,DUR
Kempton Park,OR Tambo International Airport,KMP
Nelspruit,Kruger Mpumalanga International Airport,MQP
Johannesburg,O.R.Tambo International Airport,JNB
Johannesburg,Lanseria International Airport,HLA
Manzini,King Mswati III International Airport,SHO
Livingstone,Harry Mwanga Nkumbula International Airport,LVI
Lusaka,Kenneth Kaunda International Airport,LUN
Ndola,Simon Mwansa Kapwepwe Airport,NLA
Harare,Harare International Airport,HRE
Victoria Falls,Victoria Falls Airport,VFA
Bulawayo,Joshua Mqabuko Nkomo International Airport,BUQ
Cotonou,Cadjehoun Airport,COO
Bobo-Dioulasso,Bobo Dioulasso Airport,BOY
Ouagadougou,Ouagadougou Airport,OUA
Douala,Douala Airport,DLA
Yaoundé,Nsimalen Airport,NSI
Boa Vista Island,Aristides Pereira International Airport,BVC
Sal Island,Amílcar Cabral International Airport,SID
"Praia, Santiago Island",Nelson Mandela International Airport,RAI
Sao Vicente Island,Cesária Évora Airport,VXE
Bangui,M'Poko International Airport,BGF
Abidjan,Port Bouet Airport,ABJ
Banjul,Banjul International Airport,BJL
Accra,Kotoka International Airport,ACC
Tamale,Tamale Airport,TML
Conakry,Conakry International Airport,CKY
Bissau,Osvaldo Vieira International Airport,OXB
Bubaque,Bubaque Airport,BQE
Monrovia,Roberts International Airport,ROB
Bamako,Senou International Airport,BKO
Nouakchott,Nouakchott–Oumtounsynnn International Airport,NKC
Nouadhibou,Nouadhibou International Airport,NDB
Niamey,Diori Hamani International Airport,NIM
Abuja,Nnamdi Azikiwe International Airport,ABV
Calabar,Margaret Ekpo International Airport,CBQ
"Asaba, Delta",Asaba International Airport,ABB
Kano,Mallam Aminu Kano International Airport,KAN
Lagos,Murtala Mohammed International Airport,LOS
Port Harcourt,Port Harcourt International Airport,PHC
Enugu,Akanu Ibiam International Airport,ENU
Sokoto,Sadiq Abubakar III International Airport,SKO
Dakar,Léopold Sédar Senghor International Airport,DKR
Freetown,Lungi International Airport,FNA
Lomé,Tokoin Airport,LFW